title	gse	gpl
Woodchuck and human liver comparison	GSE439	GPL312
control-ethanol liver RNA	GSE2099	GPL96
Leu Effect on Cultured Human Liver Cell Lines	GSE2386	GPL96
Ciprofibrate (PPAR-alpha agonist) in the monkey liver	GSE2853	GPL8300
Gene expression patterns in human liver cancers	GSE3500	GPL2648
Gene expression patterns in human liver cancers	GSE3500	GPL2649
Gene expression patterns in human liver cancers	GSE3500	GPL2831
Gene expression patterns in human liver cancers	GSE3500	GPL2868
Gene expression patterns in human liver cancers	GSE3500	GPL2906
Gene expression patterns in human liver cancers	GSE3500	GPL2935
Gene expression patterns in human liver cancers	GSE3500	GPL2938
Gene expression patterns in human liver cancers	GSE3500	GPL2948
Gene expression patterns in human liver cancers	GSE3500	GPL3007
Gene expression patterns in human liver cancers	GSE3500	GPL3008
Gene expression patterns in human liver cancers	GSE3500	GPL3009
Gene expression patterns in human liver cancers	GSE3500	GPL3010
Gene expression patterns in human liver cancers	GSE3500	GPL3011
Lentiviral gene delivery of vMIP-II	GSE3601	GPL571
hepatocellular carcinoma vs. corresponding noncancerous liver or normal liver	GSE4108	GPL3392
Genome-wide analysis of gene expression patterns in human liver cancers	GSE6222	GPL570
Expression data from human liver cell line induced by PCB153	GSE6494	GPL570
Expression data from human liver cell line induced by PCB77	GSE6869	GPL570
Expression data from human liver cells	GSE6878	GPL570
Decoding global gene expression programs in liver cancer by noninvasive imaging	GSE7474	GPL4541
Decoding global gene expression programs in liver cancer by noninvasive imaging	GSE7474	GPL5071
Gene expression profiling of liver injury during human orthotopic liver transplantation.	GSE7706	GPL1456
Micro-RNAs in Adult Rat Liver are Refractory to  19 Hours Dioxin Exposure	GSE8467	GPL3444
Micro-RNAs levels in wildtype vs. Ahr-null adult mouse liver constitutively and in response to doxin treatment.	GSE8468	GPL5531
Micro-RNAs in Adult Long-Evans (Turku/AB) Rat Liver are Refractory to 96 Hours Dioxin Treatment	GSE8469	GPL5531
Micro-RNAs in Adult Rat Liver are Refractory to Dioxin Treatment	GSE8470	GPL5531
MicroRNAs in adult rodent liver and response to dioxin	GSE8474	GPL3444
MicroRNAs in adult rodent liver and response to dioxin	GSE8474	GPL5531
Plasmodium Circumsporozoite Protein Promotes the Development of the Liver Stages of the Parasite	GSE8784	GPL570
Human auxiliary liver and combined kidney transplantation	GSE8941	GPL2986
Rat liver: Dexamethasone treatment vs. Control	GSE9035	GPL5860
Rat liver: Caloric Restriction vs. Fasting vs. COntrol	GSE9042	GPL5860
Cysteine deprivation in liver cell line	GSE9517	GPL570
Gene expression profiling of classical midgut carcinoid primary tumors and liver metastasis	GSE9576	GPL570
Mapping the Genetic Architecture of Gene Expression in Human Liver	GSE9588	GPL4372
Gene Expression in Fixed Tissues and Outcome in Hepatocellular Carcinoma (Training Set, Liver)	GSE10140	GPL5474
Tumor Liver vs Normal Liver: ChIP-chip and RNA expression	GSE10842	GPL3930
Tumor Liver vs Normal Liver: ChIP-chip and RNA expression	GSE10842	GPL4704
Tumor Liver vs Normal Liver: ChIP-chip and RNA expression	GSE10842	GPL6102
Tumor Liver vs Normal Liver: ChIP-chip and RNA expression	GSE10842	GPL6255
Gene expression profiling of liver metastases from colorectal cancer	GSE10961	GPL570
Expression data from kidney and liver	GSE11045	GPL570
Genetic variants in Major Histocompatibility Complex-linked genes Associate with Pediatric Liver Transplant Rejection	GSE11361	GPL5175
Genetic variants in Major Histocompatibility Complex-linked genes Associate with Pediatric Liver Transplant Rejection	GSE11361	GPL5188
Mild vs advanced liver fibrosis	GSE11536	GPL5215
Multiparameter Immune Profiling of Operational Tolerance in Liver Transplantation	GSE11881	GPL570
Gene expression associated with liver metabolism during viral hemorrhagic fever	GSE12254	GPL570
Unique early gene expression patterns in adult to adult living donor liver grafts compared to deceased donor grafts	GSE12720	GPL570
Expression data of hepatocellular carcinoma and adjacent liver tissues	GSE12941	GPL5175
Transcriptome patterns for Acute Cellular Rejection in Recipients with Recurrent Hepatitis C after Liver Transplantation	GSE13440	GPL1291
Expression data from human normal pre-frontal cortex, liver, and colon tissues and colon tumors	GSE13471	GPL96
Expression data from human normal pre-frontal cortex, liver, and colon tissues and colon tumors	GSE13471	GPL570
Differential Expression of MicroRNAs in Mouse Liver under Aberrant Energy Metabolic Status	GSE13840	GPL7274
Gene expression signature and the prediction of liver metastasis in colorectal cancer by DNA microarray	GSE14095	GPL570
Expression Profile of Primary Colorectal Cancers and associated Liver Metastases	GSE14297	GPL6370
RMA expression data for liver samples from subjects with HCV, HCV-HCC, or normal liver	GSE14323	GPL96
RMA expression data for liver samples from subjects with HCV, HCV-HCC, or normal liver	GSE14323	GPL571
B-Cell Gene Signature with Massive Intrahepatic Production of Antibodies to Hepatitis B Core Antigen in HBV-Associated Acute Liver Failure	GSE14668	GPL570
Gene expression profile in human orthotopic liver transplantation	GSE14951	GPL570
Distinct DNA methylation patterns characterize differentiated human embryonic stem cells and developing human fetal liver	GSE14966	GPL5060
Distinct DNA methylation patterns characterize differentiated human embryonic stem cells and developing human fetal liver	GSE14966	GPL9052
Staging of biliary atresia at diagnosis by molecular profiling of the liver	GSE15235	GPL570
Expression data from human embryonic (9-12w) and post-natal livers	GSE15238	GPL570
Expression data from human livers shortly following partial hepatectomy (PHx)	GSE15239	GPL570
microRNA expression in human hepatitis c virus (HCV) liver biopsy samples	GSE15288	GPL6955
mRNA expression in human hepatitis c virus (HCV) liver biopsy samples	GSE15331	GPL887
Global Gene Expression in Deceased Donor Liver Transplantation with Ischemic Preconditioning	GSE15480	GPL6244
Human liver stem cells-derived microvesicles accelerate hepatic regeneration in partially hepatectomized rats	GSE15569	GPL6884
Expression data from liver of obese (with or without type 2 diabetes) and lean human subjects.	GSE15653	GPL96
calorie-restricted diet effects on obese human liver	GSE15679	GPL7674
Generation of Human Induced Pluripotent Stem Cells by Direct Delivery of Reprogramming Proteins	GSE16093	GPL570
MiRNA expression in adipose tissue and liver from a spontaneous rat model of Type 2 diabetes	GSE17058	GPL8843
Expression in adipose tissue and liver from a spontaneous rat model of Type 2 diabetes	GSE17060	GPL8843
Gene expression in nontumoral liver tissue and recurrence-free survival in hepatitis C virus-positive HCC	GSE17856	GPL6480
RMA expression data for liver samples from subjects with HCV cirrhosis with and without concomitant HCC	GSE17967	GPL571
MicroRNA expression profiling in adult mouse liver following benzo(a)pyrene (BaP) treatment [Exiqon miRNA array]	GSE18782	GPL7723
Differentially expressed mRNA transcripts in the placenta delivered by preterm versus term spontaneous labour	GSE18809	GPL570
Adult mouse liver following benzo(a)pyrene (BaP) treatment: miRNA and mRNa profiling	GSE18841	GPL7723
Placentas delivered by term spontaneous labour compared to those delivered by elective term Cesarean section	GSE18850	GPL570
5' Cap-Isolated RNA Pol II Transcripts and ENCODE Tiling Arrays to Identify Gene Expression Changes in Hepatitis C Liver	GSE18904	GPL4127
Gene expression data from adult postnatal cerebellum, prefrontal cortex and liver: comparison on tissue differences	GSE19504	GPL5175
Gene expression data from postnatal cerebellum, prefrontal cortex and liver: comparison on tissue differences (miRNA)	GSE19505	GPL8227
Design of a novel highly efficient peptide-based siRNA-delivery vector, PepFect6	GSE19702	GPL6884
Comparison of CD133 high and CD133 negative cell populations isolated from colorectal carcinoma and liver metastases	GSE20459	GPL6370
Intracellular Signaling Pathways in Nonviral Gene Delivery: Microarray Analysis of Gene Expression Profiles in Transfected Cells	GSE20615	GPL570
Effects of RGMc on BMP2 and BMP6-mediated Gene Expression in Hep3B Liver Cells	GSE20671	GPL6244
miRNA expression of human samples of hepatoblastoma (HB) and normal and fetal liver	GSE20971	GPL10231
Analysis of Hepatoblastoma and normal fetal liver miRNA profiles and HepaRG cells that ectopically express miR-371-3 cluster	GSE21085	GPL6244
Analysis of Hepatoblastoma and normal fetal liver miRNA profiles and HepaRG cells that ectopically express miR-371-3 cluster	GSE21085	GPL10231
Gene array data for Fas knock-out human cancer cell line and mouse liver tissue	GSE21154	GPL570
Small RNA Solexa sequencing of human liver samples	GSE21279	GPL9052
Genes differentially expressed in primary and metastatic liver GISTs.	GSE21315	GPL6244
MicroRNA Profile Predicts Recurrence of Hepatocellular Carcinoma in Milan Criteria Cases with Mild Liver Cirrhosis.	GSE21362	GPL10312
MicroRNA expression during murine fetal liver megakaryocyte differentiation	GSE22480	GPL7724
MicroRNAs and Their Predicted TargetMessenger RNAs are Deregulated by Exposure to a Carcinogenic Dose of Comfrey in Rat Liver	GSE22655	GPL10561
Absence of significant overlap in transcriptional patterns between operationally  tolerant liver and kidney recipients	GSE22707	GPL570
Comparative profiling of primary colorectal carcinomas and liver metastases	GSE22834	GPL10660
Comparative profiling of primary colorectal carcinomas and liver metastases	GSE22834	GPL10661
Comparative profiling of primary colorectal carcinomas and liver metastases	GSE22834	GPL10662
Comparative profiling of primary colorectal carcinomas and liver metastases	GSE22834	GPL10663
Comparative profiling of primary colorectal carcinomas and liver metastases	GSE22834	GPL10664
Comparative profiling of primary colorectal carcinomas and liver metastases	GSE22834	GPL10665
Expression data from human liver with or without type 2 diabetes	GSE23343	GPL570
Reprogramming of Human Fibroblasts into Hematopoietic Progenitors by Fusion With Human Fetal Liver CD34+ Cells (HuGene-1_0-st)	GSE23413	GPL6244
Reprogramming of Human Fibroblasts into Hematopoietic Progenitors by Fusion With Human Fetal Liver CD34+ Cells (RNA-Seq)	GSE23415	GPL9052
Reprogramming of Human Fibroblasts into Hematopoietic Progenitors by Fusion With Human Fetal Liver CD34+ Cells	GSE23416	GPL6244
Reprogramming of Human Fibroblasts into Hematopoietic Progenitors by Fusion With Human Fetal Liver CD34+ Cells	GSE23416	GPL6801
Reprogramming of Human Fibroblasts into Hematopoietic Progenitors by Fusion With Human Fetal Liver CD34+ Cells	GSE23416	GPL9052
Transcriptional Profiling of Human Liver Identifies Sex-Biased Genes Associated with Polygenic Dyslipidemia and Coronary Artery Disease	GSE23766	GPL6480
Effect of zebularine on primary human liver cancer cell lines	GSE23991	GPL6104
Adult human liver tissue expression (Affymetrix)	GSE24042	GPL570
Expression profile of liver samples from subjects at the time of Roux en Y gastric bypass surgery.	GSE24293	GPL4372
Expression profile of liver, omental adipose, and subcutaneous adipose samples from subjects at the time of Roux en Y gastric bypass surgery.	GSE24335	GPL4372
Epigenetic Based Enrichment of Cancer Stem Cells: Mechanistic and Clinical Implications for Liver Cancer	GSE24520	GPL6883
Protease profiling of liver fibrosis reveals the ADAM metallopeptidase with thrombospondin type 1 motif, 1 as a central activator of transforming growth factor beta	GSE24667	GPL4719
Increased hemoglobin expression in NASH livers	GSE24807	GPL2895
Study of gene expression of human liver Hepatocellular carcinoma	GSE25097	GPL10687
MicroRNAs are Transported in Plasma and Delivered to Recipient Cells by High-Density Lipoproteins (Human HDL miRNA Signatures)	GSE25108	GPL11155
MicroRNAs are Transported in Plasma and Delivered to Recipient Cells by High-Density Lipoproteins (Human HDL and Exosome miRNA Signatures)	GSE25110	GPL11155
MicroRNAs are Transported in Plasma and Delivered to Recipient Cells by High-Density Lipoproteins (Human exosome, LDL, and HDL miRNA Signatures)	GSE25149	GPL11162
MicroRNAs are Transported in Plasma and Delivered to Recipient Cells by High-Density Lipoproteins (HG-U133 2.0)	GSE25311	GPL570
Prevention of acute liver failure	GSE25338	GPL11209
MicroRNAs are Transported in Plasma and Delivered to Recipient Cells by High-Density Lipoproteins	GSE25425	GPL570
MicroRNAs are Transported in Plasma and Delivered to Recipient Cells by High-Density Lipoproteins	GSE25425	GPL11155
MicroRNAs are Transported in Plasma and Delivered to Recipient Cells by High-Density Lipoproteins	GSE25425	GPL11162
Genetic identification, replication, and functional fine-mapping of expression quantitative trait loci in primary human liver tissue [Agilent]	GSE25935	GPL4133
Genetic identification, replication, and functional fine-mapping of expression quantitative trait loci in primary human liver tissue	GSE26106	GPL4133
Genetic identification, replication, and functional fine-mapping of expression quantitative trait loci in primary human liver tissue	GSE26106	GPL6104
Genetic identification, replication, and functional fine-mapping of expression quantitative trait loci in primary human liver tissue	GSE26106	GPL8887
Expression data from human (h-) growth hormone-treated and untreated chimeric mouse liver repopulated with human hepatocytes	GSE26224	GPL570
Genomic analysis identifies unique signatures predictive of brain, lung, and liver relapse	GSE26338	GPL885
Genomic analysis identifies unique signatures predictive of brain, lung, and liver relapse	GSE26338	GPL887
Genomic analysis identifies unique signatures predictive of brain, lung, and liver relapse	GSE26338	GPL1197
Genomic analysis identifies unique signatures predictive of brain, lung, and liver relapse	GSE26338	GPL1390
Genomic analysis identifies unique signatures predictive of brain, lung, and liver relapse	GSE26338	GPL1708
Genomic analysis identifies unique signatures predictive of brain, lung, and liver relapse	GSE26338	GPL5325
Genomic analysis identifies unique signatures predictive of brain, lung, and liver relapse	GSE26338	GPL6607
Generation of tumor initiating cells by exogenous delivery of OCT4 transcription factor	GSE26539	GPL7504
MOLECULAR CHARACTERIZATION OF LIVER ALLOGRAFTS FROM OPERATIONALLY TOLERANT TRANSPLANT RECIPIENTS (Affymetrix)	GSE26622	GPL570
MOLECULAR CHARACTERIZATION OF LIVER ALLOGRAFTS FROM OPERATIONALLY TOLERANT TRANSPLANT RECIPIENTS (Illumina)	GSE26625	GPL6947
MOLECULAR CHARACTERIZATION OF LIVER ALLOGRAFTS FROM OPERATIONALLY TOLERANT TRANSPLANT RECIPIENTS	GSE26627	GPL570
MOLECULAR CHARACTERIZATION OF LIVER ALLOGRAFTS FROM OPERATIONALLY TOLERANT TRANSPLANT RECIPIENTS	GSE26627	GPL6947
Transcriptional profile of human liver tissues: hepatocellular carcinoma vs. matched noncancerousliver tissue	GSE27150	GPL13128
Gene expression profiling of primary tumors, lymph node and liver metastases in midgut carcinoid tumors.	GSE27162	GPL13140
Amniotic microRNA profile of normal delivery at term	GSE27441	GPL7723
Preactivation of the interferon signaling in liver is correlated with non-response to interferon alpha therapy in patients chronically infected with hepatitis B virus	GSE27555	GPL6480
Genome-wide landscape of liver X receptor chromatin binding and gene regulation	GSE28319	GPL6947
Genome-wide landscape of liver X receptor chromatin binding and gene regulation	GSE28319	GPL9115
Genome-wide MicroRNA Downregulation as a Negative Feedback Mechanism in the Early Phases of Liver Regeneration	GSE28404	GPL9142
Withdrawal of immunosuppressive therapy in stable liver transplant recipients	GSE28842	GPL570
Genetic identification, replication, and functional fine-mapping of expression quantitative trait loci in primary human liver tissue [Illumina Expression Array]	GSE28893	GPL6104
The landscape of promoter DNA hypomethylation in liver cancer (expression data)	GSE29721	GPL570
The landscape of promoter DNA hypomethylation in liver cancer	GSE29722	GPL570
The landscape of promoter DNA hypomethylation in liver cancer	GSE29722	GPL13685
Foxa1 Reduces Lipid Accumulation in Human Hepatocytes and Is Down-regulated in Nonalcoholic Fatty Liver (HepG2 data)	GSE30447	GPL6244
Foxa1 Reduces Lipid Accumulation in Human Hepatocytes and Is Down-regulated in Nonalcoholic Fatty Liver (hepatocytes data)	GSE30450	GPL6244
Foxa1 Reduces Lipid Accumulation in Human Hepatocytes and Is Down-regulated in Nonalcoholic Fatty Liver	GSE30451	GPL6244
Genes that mediate colorectal cancer liver metastasis	GSE30687	GPL571
A Common Peripheral Blood Gene-Set for Diagnosis and Prediction of Operational Tolerance in Pediatric and Adult Liver Transplantation	GSE30886	GPL6480
The Effect of liver regeneration on hESCs transplanted into SCID mice	GSE31136	GPL6244
Effect of anti-miR-33 treatment on gene expression in non-human primate liver	GSE31177	GPL570
microRNA profiling of human healthy liver and hepatocellular carcinoma	GSE31383	GPL10122
microRNA profile of human liver tissues: hepatocellular carcinoma vs. matched noncancerous liver tissue	GSE31384	GPL14140
Identification of expression quantitative trait loci (eQTL) in human liver	GSE32504	GPL13376
Breast cancer and liver tissue biopsies used to develop and validate an index for liver contamination in metastatic breast cancer	GSE33116	GPL96
Identification of Oncogenic Potential of SIRT7 and Its Regulatory MicroRNAs in Liver Tumorigenesis	GSE33234	GPL10558
Gene expression profiling in HCV associated liver disease	GSE33258	GPL14795
Expression data of hepatocytes isolated from chimeric mouse livers repopulated with human hepatocytes and from normal human livers	GSE33846	GPL570
miRNA analysis is useful to diagnosis of liver disease, and evaluation of the grade of liver disease.	GSE33857	GPL10656
cDNA microarray of hepatocellular carcinoma and nontumor liver tissues	GSE34674	GPL6480
Early transcriptional programming links progression to hepatitis C virus-induced severe liver disease in transplant patients	GSE34798	GPL7264
Gene expression analysis of human fetal liver hematopoietic stem and progenitor cells (HSPC) in culture	GSE34972	GPL570
Gene expression of cultured human fetal liver hematopoietic stem and progenitor cells (HSPC) and their supportive ex vivo OP9 stromal niche cells	GSE34974	GPL570
MicroRNA implication in murine liver regeneration	GSE35128	GPL7723
Gene Expression Profiles of both tumor and adjacent non-tumor liver Identify Hepatocellular Carcinoma Patients at High Risk of Recurrence after Curative Hepatectomy	GSE36376	GPL10558
m6A mapping in mouse RNA (mouse liver and human brain)	GSE37004	GPL10999
Network Analysis of HEK293T Gene Expression Profile Modulation During Nonviral Gene Delivery	GSE38422	GPL570
Effect of Ribavirin on Viral Kinetics and Liver Gene Expression in Chronic Hepatitis C	GSE38663	GPL570
Liver Regeneration Gene Signature in Hepatitis B virus (HBV)-Associated Acute Liver Failure Identified by Gene Expression Profiling	GSE38941	GPL570
Analyses of transcriptomic responses generated by hepatocarcinogens in a battery of liver-based in vitro models	GSE40117	GPL13916
LncRNA expression profiles of 59 tumorous liver tissues derived from patients with hepatocellular carcinoma (HCC)	GSE40144	GPL11269
Low SLC22A7 expression in noncancerous liver promotes hepatocellular carcinoma occurrence - a prospective study	GSE40873	GPL570
Identification of differentially expressed miRNAs in HCC cell lines compared with normal livers	GSE41077	GPL10850
VEGF-A stimulated gene expression in human liver sinusoidal endothelial cells	GSE41110	GPL4133
Affect of liver transcriptome by acute acetaminophen exposure [miRNA]	GSE42181	GPL14957
Affect of liver transcriptome by acute acetaminophen exposure	GSE42182	GPL14957
Stability, Delivery and Functions of Human Sperm RNAs at Fertilization	GSE42326	GPL9115
Gene expression compare between liver cancer associated mesenchymal stem cells (LC8-MSC) and liver normal mesenchymal stem cells (LN8-MSC)	GSE42357	GPL4133
Liver X Receptors play an antitumoral role in the intestine	GSE44073	GPL10558
Transcriptional profiling of HCC vs. Normal liver and Pericancer vs. Normal liver.	GSE45114	GPL5918
Combination of celecoxib and sorafenib provides synergistic antiproliferative and proapoptotic effects in human liver cancer cells	GSE45340	GPL4133
Comprehensive gene expression profile of human livers from patients with biliary atresia at the time of diagnosis and the corresponding disease and normal controls	GSE46960	GPL6244
Human liver infected by HBV: tumoral part vs non tumoral part of the liver	GSE47197	GPL16699
GENE-EXPRESSION PROFILES OF HUMAN LIVER BIOPSIES CORRELATE WITH POST-TRANSPLANT ALLOGRAFT FUNCTION AND ARE DETERMINED BY DONOR TYPE.	GSE23649	GPL6947
Vascularised and functional human liver from an iPSC-derived organ bud transplant	GSE46631	GPL13497
Transcriptional responses of human colon and liver cancer cells to TCF inhibition.	GSE46465	GPL6244
Gene expression analysis in human colon cancer cells and liver cancer cells with FoxA knockdown.	GSE46466	GPL6244
Human liver biopsy of different phases from control to NASH	GSE48452	GPL11532
Methylome-Transcriptome Relationships in Nonalcoholic Fatty Liver Disease	GSE31803	GPL570
Methylome-Transcriptome Relationships in Nonalcoholic Fatty Liver Disease	GSE31803	GPL13534
Expression data for Nonalcoholic fatty liver disease patients	GSE49541	GPL570
miRNA expression changes in murine liver tumorigenesis	GSE44570	GPL16713
Co-regulated gene expression by estrogen receptor-α and liver receptor homolog-1 is a feature of the estrogen response in breast cancer cells	GSE47803	GPL6947
Expression data from kidney biopsies of liver disease patients	GSE50892	GPL6244
Genome-wide analysis of berberine chloride-responsive gene expression in HepG2 liver cell line	GSE47786	GPL10558
MicroRNA expression profiling of HepG2 liver cells after berberine chloride treatment	GSE47821	GPL13264
Genome-wide expression profiling of HepG2 liver cells after berberine chloride treatment	GSE47822	GPL10558
Genome-wide expression profiling of HepG2 liver cells after berberine chloride treatment	GSE47822	GPL13264
A microRNA-based primary tumor site classification of liver core biopsies	GSE51429	GPL17391
MicroRNA expression signatures of CD14-CD45-EpCAM+ cells in human bone marrow for colorectal cancer liver metastasis	GSE51716	GPL10850
Transcriptional responses to engineered nanoplatforms for drug delivery in primary human aortic endothelial cells.	GSE35142	GPL4133
Expression data from primary CB erythroblasts, immortalized/induced erythroblasts, Fetal liver CD34+ blood stem cells, adult CD34+ blood stem cells, erythroleukemia cell line (TF-1) and human ESC and iPSCs	GSE44136	GPL10739
lncRNAs and mRNAs expression profile in liver diseases including HCC	GSE54238	GPL16955
Gene expression data from precision cut human liver slices treated to diclofenac	GSE54255	GPL13158
Drug-induced liver injury	GSE54257	GPL13158
Gene-expression profiles of archived section of formalin-fixed paraffin-embedded (AS-FFPE) liver and tumor tissues from hepatocellular carcinoma patients	GSE46444	GPL13369
Gene-expression profiles of archived section of formalin-fixed paraffin-embedded (AS-FFPE) liver tissues from hepatocellular carcinoma patients	GSE47594	GPL17230
Gene-expression profiles of archived section of formalin-fixed paraffin-embedded (AS-FFPE) liver and tumor tissues from hepatocellular carcinoma patients (Illumina and Nanostring)	GSE47595	GPL13369
Gene-expression profiles of archived section of formalin-fixed paraffin-embedded (AS-FFPE) liver and tumor tissues from hepatocellular carcinoma patients (Illumina and Nanostring)	GSE47595	GPL17230
Gene expression profiling of liver biopsies from 21 chronic hepatitis C patients undergoing antiviral therapy	GSE48445	GPL570
Characterization of Gene Expression in liver cell	GSE51951	GPL6480
Real-time quantitative PCR analysis of human liver biopsies from HBV+ patients and healthy donors	GSE54428	GPL18226
Real-time quantitative PCR analysis of human liver biopsies from HCV+ patients and healthy donors	GSE54431	GPL18226
Real-time quantitative PCR analysis of human liver biopsies and PBMCs from HBV+ patients, HCV+ patients and healthy donors	GSE54432	GPL18226
Human liver, normal adult female vs male	GSE55668	GPL4133
Antiproliferative effects and mechanisms of liver X receptor ligands in pancreatic ductal adenocarcinoma cells	GSE51656	GPL10558
Epigenetic Reprogramming Modulates Malignant Properties of Human Liver Cancer Cells	GSE47932	GPL14951
Slu7 is essential for liver differentiation, metabolism and quiescence	GSE54090	GPL5188
liver cancer tissues: tumor tissues vs. non-tumor tissues	GSE58043	GPL13825
Expression data from feline liver tissue	GSE30040	GPL10739
Gene expression profiling of liver cancers	GSE22405	GPL10553
Mouse Liver: Tumors vs livers with transgene turned off for 4 weeks vs livers with transgene turned off for 12 weeks vs Normal	GSE59211	GPL4133
ChIP-seq and RNA-seq study of human FXR in primary human hepatocytes and microarray analysis of GW4064 versus vehicle treated wild type mouse livers	GSE57312	GPL11154
Gene expression analysis of liver and colon cancer primary tumors and metastasis	GSE40367	GPL570
Expression profiles of 186-gene signature in Italian hepatitis C virus (HCV)-related liver cirrhosis	GSE54099	GPL17230
Expression profiles of 186-gene signature in U.S. hepatitis C virus (HCV)-related liver cirrhosis	GSE54100	GPL17230
Gene-expression profiles of paired biopsies and explanted liver from hepatitis C virus (HCV)-infected individuals	GSE54101	GPL14951
Human hepatocytes support the hypertrophic but not the hyperplastic response to the murine nongenotoxic hepatocarcinogen sodium phenobarbital in an in vivo study using a chimeric mouse with humanized liver [Chimeric Liver Experiments]	GSE57056	GPL16699
Human hepatocytes support the hypertrophic but not the hyperplastic response to the murine nongenotoxic hepatocarcinogen sodium phenobarbital in an in vivo study using a chimeric mouse with humanized liver	GSE57058	GPL16699
Human hepatocyte metaplasia in injured humanized mouse livers	GSE58679	GPL11154
Human hepatocyte metaplasia in injured humanized mouse livers	GSE58679	GPL16512
Transcriptome analysis of fetal and adult liver samples	GSE61276	GPL10558
Transcriptome and Epigenome analysis of fetal and adult liver samples	GSE61279	GPL10558
Transcriptome and Epigenome analysis of fetal and adult liver samples	GSE61279	GPL13534
Regulation of Coagulation Factor XI expression by MicroRNAs in the Human Liver	GSE61219	GPL19166
Regulation of Coagulation Factor XI expression by MicroRNAs in the Human Liver	GSE61219	GPL19167
M12-28: MRX34 Biomarker study in animals bearing HuH7 orthotopic liver tumors [Affymetrix]	GSE58800	GPL570
M12-8: MRX34 Biomarker study in animals bearing Hep3B orthotopic liver tumors [Illumina]	GSE58892	GPL10558
MRX34 Biomarker study in animals bearing Hep3B orthotopic liver tumors	GSE58893	GPL570
MRX34 Biomarker study in animals bearing Hep3B orthotopic liver tumors	GSE58893	GPL10558
Obesity accelerates epigenetic aging of human liver	GSE61256	GPL11532
Obesity accelerates epigenetic aging of human liver	GSE61256	GPL13534
Human liver gene expression data from subjects of varying ages	GSE61260	GPL11532
Next generation sequencing reveals microRNA isoforms in liver cirrhosis and hepatocellular carcinoma	GSE63046	GPL11154
Expression data from human non-alcoholic fatty liver disease stages	GSE63067	GPL570
Integrative genomic signatures of hepatocellular carcinoma derived from nonalcoholic fatty liver disease	GSE63068	GPL570
Aberrant expression of miRNAs in the liver carcinogenesis from NASH	GSE52822	GPL14903
tRNA-derived RNAs are increased in chronic viral hepatitis and represent the most abundant class of small RNAs in infected liver	GSE57381	GPL11154
Role of HCV-induced immune responses on the establishment of operational tolerance following liver transplantation in humans	GSE52420	GPL10558
Viral Expression and Molecular Profiling in Liver Tissue versus Microdissected Hepatocytes in Hepatitis B Virus - Associated Hepatocellular Carcinoma	GSE55092	GPL570
Transmitted/founder hepatitis C viruses induce cell type- and genotype-specific differences in innate signaling within the liver	GSE64400	GPL16686
Gene expression profiling of 18 hepatocellular carcinoma and adjacent non-tumorous liver tissue	GSE60502	GPL96
NHP Liver treated with Vehicle or LXR Ligand	GSE61381	GPL570
Comparison of gene expression profiles between the CD110+ tumor initiating cells from primary colorectal tumors and their liver metastases.	GSE64595	GPL10558
Expression data of human fetal liver hematopoietic stem and progenitors cells [Set 1]	GSE54314	GPL570
Expression data of human fetal liver hematopoietic stem and progenitors cells [Set 2]	GSE54315	GPL570
Expression data of human fetal liver hematopoietic stem and progenitors cells	GSE54316	GPL570
In vitro assessment of drug-induced liver steatosis based on human dermal stem cell-derived hepatic cells.	GSE62547	GPL570
Human hepatic stem cells transplanted into a fulminant hepatic failure Alb-TRECK/SCID mouse model exhibit liver reconstitution and drug metabolism capabilities	GSE62933	GPL13497
Highly efficient in vivo delivery of functional RNAs using new versatile MS2-chimeric retrovirus-like particles	GSE66723	GPL11532
Pancreatic cancer exosomes induce pre-metastatic niche formation in the liver	GSE66876	GPL16791
Expression profile of human liver cancer cells with GP73 overexpression or knock down	GSE67296	GPL17586
Emergence of a developmental stage-dependent human liver disease signature demonstrated by directed differentiation of alpha-1 antitrypsin deficient iPS cells [HuGene-1_0-st]	GSE66076	GPL6244
Emergence of a developmental stage-dependent human liver disease signature demonstrated by directed differentiation of alpha-1 antitrypsin deficient iPS cells	GSE66078	GPL6244
Emergence of a developmental stage-dependent human liver disease signature demonstrated by directed differentiation of alpha-1 antitrypsin deficient iPS cells	GSE66078	GPL13534
Identification of differentially expressed microRNAs in liver tissue of Hepatitis B virus (HBV) infected hepatocellular carcinoma (HCC)	GSE67882	GPL10850
Affymetrix profile of human liver progenitor cells	GSE57812	GPL14877
MicroRNA Expression profiles of mature hepatocytes and foetal liver progenitor cells	GSE57833	GPL18712
Profile of human liver progenitor cells	GSE57878	GPL14877
Profile of human liver progenitor cells	GSE57878	GPL18712
Gene expression profiling and secretome analysis differentiate Adult-Derived Human Liver Stem/progenitor Cells and human hepatic stellate cells	GSE49995	GPL13667
Hepatic gene expression in various different lots of chimeric mice with highly humanized liver	GSE69936	GPL570
Gene expression in liver of morbidly obese patients	GSE59045	GPL15207
Patient Derived Xenograft for Delivery of Precision Medicine in Castrate Resistant Prostate Cancer	GSE70380	GPL11154
Differential miRNA expression profiles betweenHBV-related  HCC tumor versus non-tumor liver tissue	GSE69580	GPL10850
Expression data from HepG2 (liver hepatocellular cells)	GSE51818	GPL571
Effects of aerobic vs. resistance training on visceral and liver fat stores, liver enzymes, and insulin resistance by HOMA in overweight adults from STRRIDE AT/RT	GSE47969	GPL570
Gene expression in subcutaneous and visceral fat predicts liver histology in morbidly obese patients	GSE58979	GPL15207
hESC-derived liver transcriptome analysis	GSE61946	GPL9052
Genome-wide analysis of long noncoding RNA expression profile in non-alcoholic fatty liver disease	GSE72756	GPL16956
Expression data from colorectal cancer and liver metastasis	GSE72718	GPL17586
Gene-expression profiles of hepatocellular carcinoma beyond Milan criteria undergoing liver transplantation	GSE62743	GPL14951
Identification of Liver Receptor Homologue-1 (LRH-1)-regulated genes in HCT116 colorectal cancer cells	GSE65813	GPL10558
Identification of Liver Receptor Homologue-1 (LRH-1)-regulated genes in HT29 colorectal cancer cells	GSE65814	GPL10558
Identification of Liver Receptor Homologue-1 (LRH-1)-regulated genes in colorectal cancer cells	GSE65815	GPL10558
MicroRNA expression analysis of livers of F1 male offspring fathered from control mice or stressed mice	GSE73530	GPL19128
Long-term Exposure to Sorafenib of Liver Cancer Cells Induces Resistance with Epithelial-to-Mesenchymal Transition, Increased Invasion and Risk of Rebound Growth	GSE62813	GPL6244
Classifying distinct grades of human non-alcoholic fatty liver disease employing a systems biology approach	GSE46300	GPL10558
Retroviral Replicating Vectors Deliver Cytosine Deaminase Leading to Targeted 5-FU-Mediated Cytotoxicity in Multiple Human Cancer Types	GSE72955	GPL11154
Gene expression data from acetaminophen-induced toxicity in human hepatic in vitro systems and clinical liver samples	GSE74000	GPL570
Genetically engineering self-organization of human pluripotent stem cells into a liver bud-like tissue using Gata6	GSE74662	GPL14550
eQTL in HBV-related liver samples	GSE74925	GPL5175
The impact of PPARα activation on whole genome gene expression in human precision-cut liver slices	GSE71731	GPL11532
Hepatic stem cells with self-renewal and liver repopulation potential are harbored in CDCP1-positive subpopulations of human fetal liver cells	GSE62998	GPL13497
Gene expression profiling in 60 human hepatocellular carcinoma and 5 healthy liver biopsies.	GSE64041	GPL6244
Expression profiles of 32-gene signature in liver tissue of obese subjects with NASH undergoing bariatric surgery.	GSE69248	GPL19886
Identification of a mitochondrial defect gene signature reveals NUPR1 as a key regulator of liver cancer progression	GSE64505	GPL10558
mRNA/microRNA expression profiles of HCC or CCC patients' liver, together with those of non-tumor part tissues	GSE57555	GPL16699
mRNA/microRNA expression profiles of HCC or CCC patients' liver, together with those of non-tumor part tissues	GSE57555	GPL18044
Patterns of gene expression in human fetal and adult liver	GSE69713	GPL6244
Gene expression profiling in human precision-cut liver slices upon treatment with the FXR agonist obeticholic acid [human]	GSE76161	GPL11532
Gene expression profiling in human precision-cut liver slices upon treatment with the FXR agonist obeticholic acid	GSE76163	GPL11532
Development of gene expression profiles for tumour derived endothelium vs. matched healthy tissues (in renal cell carcinoma, colorectal cancer and colorectal metastasis to the liver)	GSE77199	GPL14550
Downregulation of microRNA-132 is associated with liver metastasis of colorectal cancer by targeting Anoctamin 1.	GSE72199	GPL15018
Circular RNA cFUT8 acts as an epithelial–mesenchymal transition trigger in liver cancer.	GSE78520	GPL19978
Transcriptome of human liver cells and culture-activated hepatic stellate cells	GSE68000	GPL13667
Altered DNA methylation of glycolytic and lipogenic genes in liver from obese and type 2 diabetic patients [transcriptome analysis]	GSE64998	GPL11532
Altered DNA methylation of glycolytic and lipogenic genes in liver from obese and type 2 diabetic patients	GSE65058	GPL11532
Altered DNA methylation of glycolytic and lipogenic genes in liver from obese and type 2 diabetic patients	GSE65058	GPL13534
Small and large RNA sequencing of mouse livers receiving small hairpin RNAs	GSE69186	GPL15520
Chronic Alcohol Consumption Alters micro-RNA Radiation Responses in the Mouse Liver	GSE79186	GPL17292
Gene expression in colorectal liver metastasis tissues from EPA-treated patients	GSE79266	GPL17586
Liver transcriptome profiles correlates with viral control during hepatitis B virus infection	GSE65359	GPL570
DNMT1 KNOCKOUT IN MURINE LIVER	GSE67771	GPL13534
Expression of gallstone disease-associated genes in non-diseased and diseased gallbladder and liver samples	GSE66430	GPL11154
Placebo-controlled, randomized clinical trial with repeated liver biopsies: Long-term resveratrol treatment has no clear therapeutic benefit in non-alcoholic fatty liver disease	GSE68421	GPL16686
HCV-induced up-regulation of miR-146a-5p in hepatocytes promotes viral infection and metabolic pathways associated with liver disease pathogenesis	GSE79341	GPL6244
HCV-induced up-regulation of miR-146a-5p in hepatocytes promotes viral infection and metabolic pathways associated with liver disease pathogenesis	GSE79341	GPL16791
Human liver Huh cell transcriptome (mRNA) response to a Wild-type ΔVP30 Ebola virus, Δmucin, and ssGP mutants	GSE80058	GPL13497
Human liver Huh cell transcriptome (miRNA) response to a Wild-type ΔVP30 Ebola virus, Δmucin, and ssGP mutants	GSE80059	GPL19730
Genome-wide analysis of long noncoding RNA (lncRNA) expression in colorectal cancer tissues from patients with liver metastasis	GSE75050	GPL16956
Molecular Characterization of Acute Cellular Rejection Occurring during Intentional Immunosuppression Withdrawal in Liver Transplantation	GSE70305	GPL8136
Genome-wide analysis of fatty acid synthase (FASN) gene silenced normal liver cells (THLE 2) using cDNA microarray analysis	GSE82096	GPL10558
NUPR1 a new target in liver cancer: implication in controlling cell growth, migration, invasion and sorafenib resistance	GSE73521	GPL4133
Next Generation Sequencing of liver and subcutaneous fat tissues obtained from obese subjects	GSE83322	GPL16791
Kinetics after JQ1 treatment in liver cancer cell	GSE75908	GPL10558
Application of the TGx-28.65 toxicogenomics biomarker to classify genotoxic and non-genotoxic chemicals in human TK6 cells in the presence of rat liver S9	GSE74216	GPL14550
Characterization of gene expression profile in HBV-related liver fibrosis patients	GSE84044	GPL570
Global miRNA expression in small bowel neuroendocrine tumors (SBNET) and their lymph node/liver metastases	GSE70534	GPL17537
Whole genome analysis of the methylome and hydroxymethylome in normal and malignant lung and liver [RNA-Seq]	GSE70089	GPL11154
Whole genome analysis of the methylome and hydroxymethylome in normal and malignant lung and liver	GSE70091	GPL11154
Expression data from primary human hepatocyte oxygenated co-cultures infected by HCV and human liver biopsies from HCV patients.	GSE84587	GPL571
Expression data from primary human hepatocyte oxygenated co-cultures infected by HCV and human liver biopsies from HCV patients.	GSE84587	GPL6244
Human liver RNA-seq data corresponding to uninfected non-malignant, HCV infected non-malignant, and HCV+ HCC tissue	GSE82177	GPL11154
Human liver RNA-seq and HELP-tagging data corresponding to uninfected non-malignant, HCV+ non-malignant, and HCV+ HCC tissue	GSE82178	GPL11154
Comparison of gene expression between Human umbilical vein endothelial cells and Human liver sinusoidal endothelial cells	GSE78020	GPL17077
Molecular liver cancer prevention in cirrhosis by organ transcriptome analysis and lysophosphatidic acid pathway inhibition	GSE64520	GPL19589
Expression profiles of prognostic 32-gene liver signature in surgically resected Japanese hepatocellular carcinoma patients	GSE70297	GPL19589
Microarray screening for microRNAs differentially expressed in whole blood samples of patients with clinically significant rejection after liver transplantation	GSE65492	GPL19726
Circulating extracellular microRNAs predictive of human liver allograft status.	GSE69579	GPL16791
Transcriptome profile of HepG2-expressing ATP7B-H1069Q (liver hepatocellular cells) exposed to JNK or p38 Inhibitor	GSE80361	GPL15433
mRNA expression profiles of colorectal liver metastases as a novel biomarker for early recurrence after partial hepatectomy	GSE81423	GPL14951
Quantitative analysis of CD133+ liver cancer stem cells vs CD133- non cancer stem cell by RNA-Seq profiling	GSE62905	GPL10999
Liver gene expression profiles of  interferon therapy in chronic hepatitis B Patients (mRNA)	GSE66698	GPL570
Liver gene expression profiles of  interferon therapy in chronic hepatitis B Patients (Exon)	GSE66699	GPL5188
Liver gene expression profiles of interferon therapy in chronic hepatitis B Patients	GSE66700	GPL570
Liver gene expression profiles of interferon therapy in chronic hepatitis B Patients	GSE66700	GPL5188
A common promoter hypomethylation signature in invasive breast, liver and prostate cancer cell lines reveals novel targets involved in cancer invasiveness (expression)	GSE71625	GPL10558
A common promoter hypomethylation signature in invasive breast, liver and prostate cancer cell lines reveals novel targets involved in cancer invasiveness	GSE71627	GPL10558
A common promoter hypomethylation signature in invasive breast, liver and prostate cancer cell lines reveals novel targets involved in cancer invasiveness	GSE71627	GPL13534
Multilineage communication regulates human liver bud self-organization from pluripotency	GSE81252	GPL16791
Expression data of HBV infected liver tissue	GSE83148	GPL570
Acriflavine inhibits the epithelial-to-mesenchymal transition in vitro in liver and pancreatic cancer cells (part of study on PANC1 cells treated with CoCl2)	GSE82104	GPL18573
Acriflavine inhibits the epithelial-to-mesenchymal transition in vitro in liver and pancreatic cancer cells (part of study on HepG2)	GSE82110	GPL18573
Acriflavine inhibits the epithelial-to-mesenchymal transition in vitro in liver and pancreatic cancer cells (part of study with TGF-b1 stimulation)	GSE82293	GPL15207
Acriflavine inhibits the epithelial-to-mesenchymal transition in vitro in liver and pancreatic cancer cells	GSE82299	GPL15207
Acriflavine inhibits the epithelial-to-mesenchymal transition in vitro in liver and pancreatic cancer cells	GSE82299	GPL18573
miRNA Signatures indicate Acute Liver Failure in hepatitis E infected pregnant females	GSE79197	GPL10558
Transcriptome profiles of liver cells treated with HBV preS1 peptide	GSE85092	GPL10558
Exploring chronic drug effects on microengineered human liver cultures using global gene expression profiling	GSE85180	GPL570
Hepatic differentiation of liver organoids	GSE85223	GPL16791
Exosomal miRNA in liver disease	GSE85677	GPL21263
Serum miRNA in liver disease	GSE85679	GPL18941
Exosomal or serum miRNA in liver disease	GSE85680	GPL18941
Exosomal or serum miRNA in liver disease	GSE85680	GPL21263
Expression data from human normal liver cell line HL7702 treated with tributyltin	GSE86259	GPL15207
Human liver Huh cell transcriptome response to a Wild-type ΔVP30 Ebola virus, EHUH003 [mRNA]	GSE86539	GPL13497
Genes expression after ZNF717 knockdown in liver cancer	GSE86852	GPL16956
Effect of the liver carcinogens aflatoxin B1 and methapyrilene on transcriptomic profiles in HepaRG cells.	GSE87028	GPL16699
Comparison of Eomes-negative and Eomes-positive human liver NK cells by RNASeq	GSE87392	GPL18573
Genes encoding cognate receptors for IRI-related recipient cytokines are expressed in donor livers	GSE87487	GPL11154
Evaluating Side Effects of Nanoparticle-mediated siRNA Delivery to Mesenchymal Stem Cells Using Next-generation Sequencing and Enrichment Analysis	GSE87497	GPL16791
Impairment of host liver repopulation by transplanted hepatocytes in aged rats and the release by short-term growth hormone treatment	GSE87889	GPL96
RAMPAGE from liver (ENCSR000AGP)	GSE87929	GPL11154
RNA-seq from right lobe of liver (ENCSR226KML)	GSE88121	GPL16791
RAMPAGE from liver (ENCSR285LDX)	GSE88162	GPL11154
RNA-seq from liver (ENCSR388ZNJ)	GSE88244	GPL16791
RNA-seq from right lobe of liver (ENCSR504QMK)	GSE88318	GPL16791
RAMPAGE from right lobe of liver (ENCSR543DIO)	GSE88349	GPL16791
small RNA-seq from right lobe of liver (ENCSR603XUX)	GSE88393	GPL18573
small RNA-seq from right lobe of liver (ENCSR634VLA)	GSE88424	GPL18573
microRNA-seq from right lobe of liver (ENCSR875UFE)	GSE88613	GPL11154
RAMPAGE from right lobe of liver (ENCSR941SAZ)	GSE88658	GPL16791
Genome-wide analysis of hepatic gene expression in patients with non-alcoholic fatty liver disease  and in healthy donors in relation to hepatic fatty acid composition and other nutritional factors	GSE89632	GPL14951
GATA4-dependent organ-specific endothelial differentiation controls liver development and embryonic hematopoiesis (2 of 3)	GSE92354	GPL16311
GATA4-dependent organ-specific endothelial differentiation controls liver development and embryonic hematopoiesis	GSE92357	GPL16311
polyA mRNA RNA-seq from liver (ENCSR085HNI)	GSE93481	GPL11154
polyA mRNA RNA-seq from liver (ENCSR085HNI)	GSE93481	GPL16791
lncRNA expression of CRC liver metastasis	GSE95423	GPL16956
Argonaute CLIP defines a deregulated miR-122 bound transcriptome that predicts patient survival in human liver cancer (Human CLIP-Seq)	GSE97056	GPL16791
Argonaute CLIP defines a deregulated miR-122 bound transcriptome that predicts patient survival in human liver cancer	GSE97061	GPL16791
HCV dynamics and cellular gene expression in uPA-SCID chimeric mice with humanized livers during intravenous silibinin monotherapy	GSE79103	GPL13915
Molecular changes in kidney allografts after simultaneous liver-kidney compared with solitary kidney transplantation	GSE97780	GPL10558
Landscape of infiltrating T cells in liver cancer revealed by single-cell sequencing	GSE98638	GPL16791
Landscape of infiltrating T cells in liver cancer revealed by single-cell sequencing	GSE98638	GPL20301
mRNA expression  profiles in human cervix at preterm delivery, delivery after preterm premature rupture of membranes and term delivery	GSE47619	GPL6244
Transcriptional comparisons of stem cell-derived hepatocytes (hiPS-Hep), HepaRG cells and 3D human hepatocyte spheroids as predictive in vitro systems for drug-induced liver injury	GSE93840	GPL17077
The role of caveolin-1 in hepatocellular carcinoma arising from non-alcoholic fatty liver disease	GSE99131	GPL16686
Lipid Nanoparticle-Mediated Delivery of Anti-miR-17 Family Oligonucleotide Suppresses Hepatocellular Carcinoma Growth	GSE93832	GPL570
Lipid Nanoparticle-Mediated Delivery of Anti-miR-17 Family Oligonucleotide Suppresses Hepatocellular Carcinoma Growth	GSE93832	GPL11154
Serum miRNAs from Drug-induced liver injury, Hepatitis B, Liver cirrhosis and Type 2 Diabetes patients	GSE90028	GPL11154
Genomic characterization of liver metastases from colorectal cancer patients [PrimeView]	GSE81558	GPL15207
Genomic characterization of liver metastases from colorectal cancer patients	GSE81582	GPL15207
Unique liver transcriptomics profiles in chronic HBV: intrinsic intrahepatic functional clusters discriminate distinct clinical phases	GSE83898	GPL18281
Multilineage communication regulates human liver bud self-organization from pluripotency II	GSE96981	GPL16791
Gene expression data of human hepatocellular carcinoma (HCC) and Cholangiocarcinoma (CCA) from Thailand Initiative in Genomics and Expression Research for Liver Cancer (TIGER-LC)	GSE76297	GPL17586
Human hepatocellular carcinoma (HCC) and Cholangiocarcinoma (CCA) from Thailand Initiative in Genomics and Expression Research for Liver Cancer (TIGER-LC)	GSE76311	GPL6801
Human hepatocellular carcinoma (HCC) and Cholangiocarcinoma (CCA) from Thailand Initiative in Genomics and Expression Research for Liver Cancer (TIGER-LC)	GSE76311	GPL17586
Gene profiling of human adult and pediatric liver cancer cells	GSE83518	GPL16791
Identification of a serum 48-lncRNA signature as diagnostic marker for hepatocellular carcinoma and liver cirrhosis	GSE78160	GPL21494
Expression data from liver of obese patients	GSE83452	GPL16686
Gata4 and LMO3 balance angiocrine signaling and autocrine inflammatory activation by BMP2 in liver sinusoidal endothelial cells [HLSEC]	GSE100711	GPL23643
Gata4 and LMO3 balance angiocrine signaling and autocrine inflammatory activation by BMP2 in liver sinusoidal endothelial cells [HUVEC]	GSE100712	GPL23644
Gata4 and LMO3 balance angiocrine signaling and autocrine inflammatory activation by BMP2 in liver sinusoidal endothelial cells	GSE100788	GPL23643
Gata4 and LMO3 balance angiocrine signaling and autocrine inflammatory activation by BMP2 in liver sinusoidal endothelial cells	GSE100788	GPL23644
Expression profiling in hiPSC-derived liver sinusoidal endothelial cells and hepatic stellate cells	GSE92771	GPL20844
An in vitro human liver model by iPSC-derived parenchymal and non-parenchymal cells	GSE98710	GPL11154
Expression data from liver, muscle and fat tissue of children with end stage liver disease	GSE84954	GPL16686
Omics-based identification of the combined effects of idiosyncratic drugs and inflammatory cytokines on the development of drug-induced liver injury	GSE102006	GPL6480
RNA-sequencing of human liver tissue	GSE102188	GPL16791
Gemcitabine induced TIMP-1 attenuates therapy response and promotes tumour growth and liver metastasis in pancreatic cancer	GSE94891	GPL10558
Gene expression signatures for five tumor sites of each primary liver cancer patient	GSE92528	GPL6480
Expression data from human hepatocellular carcinoma (HCC), Cirrhosis, and non-tumor liver tissues.	GSE45050	GPL6244
Development of an In Vitro Human Liver System for Interrogating Non-Alcoholic Steatohepatitis	GSE89063	GPL11154
Treatment of advanced liver fibrosis in HIV- and HCV-infected adults with simtuzumab, a monoclonal antibody against lysyl oxidase-like 2: Results of a 6-month open-label safety trial	GSE73634	GPL16686
Genome-wide analysis of YAP and TFCP2 down-regulated genes in liver cancer cells	GSE99313	GPL20795
Genome-wide analysis of YAP and TFCP2 occupancy and regulated expression in liver cancer cells	GSE99315	GPL20795
Gene expression analyses of human liver progenitor-like cells in culture	GSE104233	GPL11154
Integrated analysis of genomic and epigenomic regulation of transcriptome identifies molecular subtypes of liver cancer (gene expression)	GSE87630	GPL6947
Rapid reversal of innate immune dysregulation in blood of patients and liver of humanized mice with HCV following DAA therapy	GSE104597	GPL16686
Microvesicle-mediated delivery of miR-1343: impact on markers of fibrosis	GSE99209	GPL11154
Gene expression analysis of human liver progenitor-like cells in culture	GSE105019	GPL16791
Microarray analysis of exosomal miRNAs from different liver cancer cells	GSE106452	GPL20712
Massive and reproducible production of liver buds entirely from human pluripotent stem cells	GSE106465	GPL13497
Massive and reproducible production of liver buds entirely from human pluripotent stem cells	GSE106465	GPL17077
Patient-derived organoid cultures model human primary liver cancer in vitro	GSE84073	GPL18460
Patient-derived organoid cultures model human primary liver cancer in vitro	GSE84073	GPL20301
Wnt ligands 3a and 5a regulate proliferation and migration in human fetal liver progenitor cells	GSE106755	GPL17692
Liver transcriptional critical balance induced by acetaminophen is prevented by chronic copper loading	GSE93937	GPL22975
lncRNA changes in the livers of NAFLD patients compared with that of healthy control	GSE107231	GPL20115
Gene expression data from fetal human liver cells	GSE108047	GPL570
Expression data from liver cancer cell line Hep3B	GSE108810	GPL570
Human iPSC derived posterior gut progenitors are expandable and capable of forming gut and liver organoids	GSE108937	GPL13497
Human iPSC derived posterior gut progenitors are expandable and capable of forming gut and liver organoids	GSE108937	GPL17077
Investigate A2M treatment on human prostate cancer and mouse liver	GSE107195	GPL16791
